-- MySQL dump 10.13  Distrib 5.6.24, for Win64 (x86_64)
--
-- Host: localhost    Database: mydb
-- ------------------------------------------------------
-- Server version	5.6.26-log

/*!40101 SET @OLD_CHARACTER_SET_CLIENT=@@CHARACTER_SET_CLIENT */;
/*!40101 SET @OLD_CHARACTER_SET_RESULTS=@@CHARACTER_SET_RESULTS */;
/*!40101 SET @OLD_COLLATION_CONNECTION=@@COLLATION_CONNECTION */;
/*!40101 SET NAMES utf8 */;
/*!40103 SET @OLD_TIME_ZONE=@@TIME_ZONE */;
/*!40103 SET TIME_ZONE='+00:00' */;
/*!40014 SET @OLD_UNIQUE_CHECKS=@@UNIQUE_CHECKS, UNIQUE_CHECKS=0 */;
/*!40014 SET @OLD_FOREIGN_KEY_CHECKS=@@FOREIGN_KEY_CHECKS, FOREIGN_KEY_CHECKS=0 */;
/*!40101 SET @OLD_SQL_MODE=@@SQL_MODE, SQL_MODE='NO_AUTO_VALUE_ON_ZERO' */;
/*!40111 SET @OLD_SQL_NOTES=@@SQL_NOTES, SQL_NOTES=0 */;

--
-- Table structure for table `borrowed`
--

DROP TABLE IF EXISTS `borrowed`;
/*!40101 SET @saved_cs_client     = @@character_set_client */;
/*!40101 SET character_set_client = utf8 */;
CREATE TABLE `borrowed` (
  `ref` int(10) NOT NULL AUTO_INCREMENT,
  `employeeid` smallint(5) NOT NULL,
  `book` varchar(50) DEFAULT NULL,
  PRIMARY KEY (`ref`),
  KEY `FK_borrowed` (`employeeid`)
) ENGINE=InnoDB AUTO_INCREMENT=5 DEFAULT CHARSET=utf8;
/*!40101 SET character_set_client = @saved_cs_client */;

--
-- Dumping data for table `borrowed`
--

LOCK TABLES `borrowed` WRITE;
/*!40000 ALTER TABLE `borrowed` DISABLE KEYS */;
INSERT INTO `borrowed` VALUES (1,1,'SitePoint Simply SQL'),(2,1,'SitePoint Ultimate HTML Reference'),(3,1,'SitePoint Ultimate CSS Reference'),(4,2,'SitePoint Art and Science of JavaScript');
/*!40000 ALTER TABLE `borrowed` ENABLE KEYS */;
UNLOCK TABLES;

--
-- Table structure for table `customer`
--

DROP TABLE IF EXISTS `customer`;
/*!40101 SET @saved_cs_client     = @@character_set_client */;
/*!40101 SET character_set_client = utf8 */;
CREATE TABLE `customer` (
  `customer_id` int(5) NOT NULL,
  `cust_name` varchar(30) DEFAULT NULL,
  `city` varchar(15) DEFAULT NULL,
  `grade` int(3) DEFAULT NULL,
  `salesman_id` int(5) DEFAULT NULL,
  PRIMARY KEY (`customer_id`)
) ENGINE=InnoDB DEFAULT CHARSET=utf8;
/*!40101 SET character_set_client = @saved_cs_client */;

--
-- Dumping data for table `customer`
--

LOCK TABLES `customer` WRITE;
/*!40000 ALTER TABLE `customer` DISABLE KEYS */;
INSERT INTO `customer` VALUES (3001,'Brad Guzan','London',NULL,5005),(3002,'Nick Rimando','New York',100,5001),(3003,'Jozy Altidor','Moncow',200,5007),(3004,'Fabian Johns','Paris',300,5006),(3005,'Graham Zusi','California',200,5002),(3007,'Brad Davis','New York',200,5001),(3008,'Julian Green','London',300,5002),(3009,'Geoff Camero','Berlin',100,5003);
/*!40000 ALTER TABLE `customer` ENABLE KEYS */;
UNLOCK TABLES;

--
-- Table structure for table `employee`
--

DROP TABLE IF EXISTS `employee`;
/*!40101 SET @saved_cs_client     = @@character_set_client */;
/*!40101 SET character_set_client = utf8 */;
CREATE TABLE `employee` (
  `id` smallint(5) NOT NULL,
  `firstname` varchar(30) DEFAULT NULL,
  `lastname` varchar(30) DEFAULT NULL,
  `birthdate` date DEFAULT NULL,
  PRIMARY KEY (`id`)
) ENGINE=InnoDB DEFAULT CHARSET=utf8;
/*!40101 SET character_set_client = @saved_cs_client */;

--
-- Dumping data for table `employee`
--

LOCK TABLES `employee` WRITE;
/*!40000 ALTER TABLE `employee` DISABLE KEYS */;
INSERT INTO `employee` VALUES (1,'John','Smith','1976-01-02'),(2,'Laura','Jones','1969-09-05'),(3,'Jane','Green','1967-07-15');
/*!40000 ALTER TABLE `employee` ENABLE KEYS */;
UNLOCK TABLES;

--
-- Table structure for table `orders`
--

DROP TABLE IF EXISTS `orders`;
/*!40101 SET @saved_cs_client     = @@character_set_client */;
/*!40101 SET character_set_client = utf8 */;
CREATE TABLE `orders` (
  `ord_no` int(5) NOT NULL,
  `purch_amt` decimal(8,2) DEFAULT NULL,
  `ord_date` date DEFAULT NULL,
  `customer_id` int(5) DEFAULT NULL,
  `salesman_id` int(5) DEFAULT NULL,
  PRIMARY KEY (`ord_no`),
  KEY `fk_customerid_idx` (`customer_id`),
  KEY `fk_salesmanid_idx` (`salesman_id`),
  CONSTRAINT `fk_customerid` FOREIGN KEY (`customer_id`) REFERENCES `customer` (`customer_id`) ON DELETE NO ACTION ON UPDATE NO ACTION,
  CONSTRAINT `fk_salesmanid` FOREIGN KEY (`salesman_id`) REFERENCES `salesman` (`salesman_id`) ON DELETE NO ACTION ON UPDATE NO ACTION
) ENGINE=InnoDB DEFAULT CHARSET=utf8;
/*!40101 SET character_set_client = @saved_cs_client */;

--
-- Dumping data for table `orders`
--

LOCK TABLES `orders` WRITE;
/*!40000 ALTER TABLE `orders` DISABLE KEYS */;
INSERT INTO `orders` VALUES (70001,150.50,'2012-10-05',3005,5002),(70002,65.26,'2012-10-05',3002,5001),(70003,2480.40,'2012-10-10',3009,5003),(70004,110.50,'2012-08-17',3009,5003),(70005,2400.60,'2012-07-27',3007,5001),(70007,948.50,'2012-09-10',3005,5002),(70008,5760.00,'2012-09-10',3002,5001),(70009,270.65,'2012-09-10',3001,5005),(70010,1983.43,'2012-10-10',3004,5006),(70011,75.29,'2012-08-17',3003,5007),(70012,250.45,'2012-06-27',3008,5002),(70013,3045.60,'2012-04-25',3002,5001);
/*!40000 ALTER TABLE `orders` ENABLE KEYS */;
UNLOCK TABLES;

--
-- Table structure for table `salesman`
--

DROP TABLE IF EXISTS `salesman`;
/*!40101 SET @saved_cs_client     = @@character_set_client */;
/*!40101 SET character_set_client = utf8 */;
CREATE TABLE `salesman` (
  `salesman_id` int(5) NOT NULL,
  `name` varchar(30) DEFAULT NULL,
  `city` varchar(15) DEFAULT NULL,
  `commision` decimal(5,2) DEFAULT NULL,
  PRIMARY KEY (`salesman_id`)
) ENGINE=InnoDB DEFAULT CHARSET=utf8;
/*!40101 SET character_set_client = @saved_cs_client */;

--
-- Dumping data for table `salesman`
--

LOCK TABLES `salesman` WRITE;
/*!40000 ALTER TABLE `salesman` DISABLE KEYS */;
INSERT INTO `salesman` VALUES (5001,'James Hong','New York',0.15),(5002,'Nail Knite','Paris',0.13),(5003,'Lauson Hen',NULL,0.12),(5005,'Pit Alex','London',0.11),(5006,'Mc Lyon','Paris',0.14),(5007,'Paul Adam','Rome',0.13);
/*!40000 ALTER TABLE `salesman` ENABLE KEYS */;
UNLOCK TABLES;

--
-- Dumping events for database 'mydb'
--

--
-- Dumping routines for database 'mydb'
--
/*!40103 SET TIME_ZONE=@OLD_TIME_ZONE */;

/*!40101 SET SQL_MODE=@OLD_SQL_MODE */;
/*!40014 SET FOREIGN_KEY_CHECKS=@OLD_FOREIGN_KEY_CHECKS */;
/*!40014 SET UNIQUE_CHECKS=@OLD_UNIQUE_CHECKS */;
/*!40101 SET CHARACTER_SET_CLIENT=@OLD_CHARACTER_SET_CLIENT */;
/*!40101 SET CHARACTER_SET_RESULTS=@OLD_CHARACTER_SET_RESULTS */;
/*!40101 SET COLLATION_CONNECTION=@OLD_COLLATION_CONNECTION */;
/*!40111 SET SQL_NOTES=@OLD_SQL_NOTES */;

-- Dump completed on 2016-09-30 15:23:59
